"Year","mean","median","sd","min","max"
"2014",56.4393161094225,14.821,136.805768820286,0.135,1596.431
"2024",167.623315544792,51.58898617,370.841882532009,0.34144,3043.07269658
